Workbook

Sheet Abonados
A1: Cliente | B1: Teléfono | C1: Dirección | D1: Plan | E1: Cuota mensual | F1: Fecha de alta | G1: Día de cobro | H1: Próxima visita | I1: Estado | J1: Notas
A2: Ejemplo: Laura Gómez | C2: Barrio Norte | D2: Plus | E2: 0 | G2: 10 | J2: Borrá esta fila y cargá tus abonados

Sheet Cobros
A1: Cliente | B1: Ene | C1: Feb | D1: Mar | E1: Abr | F1: May | G1: Jun | H1: Jul | I1: Ago | J1: Sep | K1: Oct | L1: Nov | M1: Dic | N1: Total año
A2: =IF(Abonados!A2="","",Abonados!A2) | N2: =SUM(B2:M2)
A3: =IF(Abonados!A3="","",Abonados!A3) | N3: =SUM(B3:M3)
A4: =IF(Abonados!A4="","",Abonados!A4) | N4: =SUM(B4:M4)
A5: =IF(Abonados!A5="","",Abonados!A5) | N5: =SUM(B5:M5)
A6: =IF(Abonados!A6="","",Abonados!A6) | N6: =SUM(B6:M6)
A7: =IF(Abonados!A7="","",Abonados!A7) | N7: =SUM(B7:M7)
A8: =IF(Abonados!A8="","",Abonados!A8) | N8: =SUM(B8:M8)
A9: =IF(Abonados!A9="","",Abonados!A9) | N9: =SUM(B9:M9)
A10: =IF(Abonados!A10="","",Abonados!A10) | N10: =SUM(B10:M10)
A11: =IF(Abonados!A11="","",Abonados!A11) | N11: =SUM(B11:M11)
A12: =IF(Abonados!A12="","",Abonados!A12) | N12: =SUM(B12:M12)
A13: =IF(Abonados!A13="","",Abonados!A13) | N13: =SUM(B13:M13)
... A101: =IF(Abonados!A101="","",Abonados!A101) | N101: =SUM(B101:M101)
A103: TOTAL | B103: =SUM(B2:B101) | C103: =SUM(C2:C101) | D103: =SUM(D2:D101) | E103: =SUM(E2:E101) | F103: =SUM(F2:F101) | G103: =SUM(G2:G101) | H103: =SUM(H2:H101) | I103: =SUM(I2:I101) | ... N103: =SUM(N2:N101)

Sheet Resumen
A1: Resumen de tu abono domótico
A3: Abonados activos | B3: =COUNTIF(Abonados!I2:I300,"Activo")
A4: Plan Básico (activos) | B4: =COUNTIFS(Abonados!D2:D300,"Básico",Abonados!I2:I300,"Activo")
A5: Plan Plus (activos) | B5: =COUNTIFS(Abonados!D2:D300,"Plus",Abonados!I2:I300,"Activo")
A6: Plan Premium (activos) | B6: =COUNTIFS(Abonados!D2:D300,"Premium",Abonados!I2:I300,"Activo")
A7: Ingreso mensual de abonos | B7: =SUMIFS(Abonados!E2:E300,Abonados!I2:I300,"Activo")
A8: Cobrado en el año | B8: =Cobros!N103
A10: Cómo se usa: cargá cada cliente en «Abonados» (con estado «Activo») y anotá lo que te paga cada mes en «Cobros». Este resumen se calcula solo.
